tribe_name,entity_name,latitude,longitude,region_label,entity_nature,physical_indicators,paranormal_indicators,full_narrative,reference_url,evidence_weight,verification_status,relevance_radius_miles
Wampanoag,Maushop,41.7,-70.3,Cape Cod & Islands / Massachusetts,Giant culture-hero,"Immense size (a true giant); shaped the landscape (credited with creating Cape Cod, Martha's Vineyard, Nantucket); left giant footprint-like impressions; a Massachusetts beach (Moshup Beach) is named for him.","None substantiated beyond his origin as a giant; framed as a benevolent culture-hero, not a hidden or feared entity.","In Wampanoag tradition, Maushop is a beloved giant who lived among the ancestors when the world was young. Far from a hidden or feared woodland creature, he is remembered as a generous protector who kept the people fed by driving whales into the bays and warming them during harsh winters. Wampanoag oral histories attribute the creation of the coastal landscape directly to Maushop's movements. When his moccasins filled with sand, he emptied them into the ocean, forming Martha's Vineyard and Nantucket. When mainland tensions grew, he sought seclusion on the islands; homesick, he dragged his feet and scattered heavy boulders across the water, creating the Elizabeth Islands chain. The striking red clay cliffs at Aquinnah are traditionally said to be stained by the blood of whales Maushop cooked over his fires. When European settlers arrived, accounts tell that Maushop transformed into a sea creature or departed westward. | POINT/COUNTERPOINT DISCLAIMER: Cryptid media occasionally lists Maushop as a 'giant East Coast Sasquatch.' However, in authentic Wampanoag tradition, Maushop is an open, honored culture-hero and landscape creator who lived alongside humans, not a shy, hair-covered reclusive wildman. Flattening him into a 'cryptid' strips away his fundamental role in Wampanoag cosmology.",https://emjwriter.com/2016/11/16/weird-history-part-eight-stories-from-wampanoag-culture-that-you-can-share-at-thanksgiving/,1.5,Verified - Authentic Indigenous Lore,60
Wampanoag,Pukwudgie,41.35,-70.7,Southeastern Massachusetts & Cape Cod,Small trickster spirit,"Small stature, ~2-3 feet tall; grey skin, sometimes glowing; oversized features; can transform into a porcupine in some tellings.","Leads travelers astray, clouds memory, lures with mysterious lights; some stories say they persuade people to leap from cliffs; attack with knives or poisoned arrows; fire manipulation and shapeshifting.","The Pukwudgies are small, grey-skinned woodland spirits central to Wampanoag oral tradition, particularly around the Hockomock Swamp ('place where spirits dwell'). Traditional accounts describe them as temperamental, independent entities capable of appearing and disappearing at will, glowing in the dark, controlling fire, and transforming into porcupines. In Wampanoag lore, the Pukwudgies' relationship with humans turned bitter out of jealousy over the affection the people gave to the giant Maushop. Feeling slighted, the Pukwudgies grew mischievous and hostile—leading hunters astray, blinding travelers with phantom lights, and using tiny poisoned arrows or stone knives against those who entered their swamps without respect. | POINT/COUNTERPOINT DISCLAIMER: 1970s paranormal literature and 'Bridgewater Triangle' lore reframe Pukwudgies as murderous, predatory monsters that push people off cliffs. In traditional Wampanoag culture, Pukwudgies represent unpredictable nature spirits (manitowuk). They are morally complex and enforce respect for wild places—dangerous if provoked, but capable of teaching valuable lessons.",https://newenglandhistoricalsociety.com/the-pukwudgies-of-the-bridgewater-triangle/,1.5,Verified - Authentic Indigenous Lore,75
Coast Salish,Sasq'ets (Sasquatch),47.7511,-120.7401,Pacific Northwest / Washington,Giant wildman -- linguistic origin of 'Sasquatch',"6-9 feet tall, covered in dark hair/fur; footprints described around 20 inches long; generally seen singly.","Some traditions describe touch causing unconsciousness, abduction, a rudimentary shared language with captives, and the ability to grant 'guardian spirit' power/strength to certain people.","Sasq'ets, originating from the Halq'emeylem language spoken by the Sts'ailes, Sto:lo, and neighboring Coast Salish peoples, is the true linguistic origin of the word Sasquatch. Standing 6 to 9 feet tall and covered in thick dark fur, Sasq'ets travels through steep mountain valleys without leaving distinct paths. Elders describe their presence announced by whistling, rock-throwing, and heavy wood-knocking—behaviors used to communicate across long distances or warn humans away from sensitive territory. Coast Salish traditions state that Sasq'ets possesses the power to slip into the spirit realm, cause sudden paralysis or unconsciousness in onlookers, and selectively grant 'guardian spirit power' to favored hunters. | POINT/COUNTERPOINT DISCLAIMER: Popular media treats Sasquatch as an undiscovered biological ape (Gigantopithecus) hiding in the woods. Indian Agent J.W. Burns Anglicized Sasq'ets into 'Sasquatch' in a 1929 Maclean's article, stripping away its spiritual dimension. To the Coast Salish, Sasq'ets is a bound spiritual and physical entity closely tied to tribal medicine and environmental stewardship—not a zoo animal waiting to be cataloged.",https://www.native-languages.org/sasquatch.htm,1.5,Verified - Authentic Indigenous Lore,200
Koyukon,Nik'inla'eena (Bush Indian),64.2008,-149.4937,Interior Alaska,Solitary wild renegade / forest dweller,"Human-like stature; stealthy; living off the land without metal tools or permanent shelters.","Extremely stealthy movement; ability to live undetected in harsh taiga environments.","In Koyukon Athabascan oral traditions, Nik'inla'eena (often translated as 'Bush Indians' or 'Woodsmen') refers to solitary, elusive wild people who inhabit the dense black spruce forests and river corridors of interior Alaska. Koyukon hunters were taught from childhood to watch for sign of Nik'inla'eena, especially during the long light of summer. They are described as human-like but extraordinarily stealthy, living entirely off the land without permanent villages or metal tools. While generally avoiding direct contact, oral histories recall them lurking around camps, stealing drying fish, and occasionally carrying off unattended children. | POINT/COUNTERPOINT DISCLAIMER: Often grouped alongside 'Alaskan Bigfoot' or 'hairy monster' sightings in cryptid media. Koyukon tradition actually frames Nik'inla'eena as reclusive human renegades or distinct wild tribes who chose to live outside village society, rather than non-human primates.",http://www.native-languages.org/koyukon-legends.htm,1.5,Verified - Historical & Cultural Context,150
Klamath / Modoc / Yurok / Hoopa,Matahk Kagah / Oh-Mah,43.8041,-120.5542,Cascade Mountains / Oregon & California,Physical forest-dwelling guardian,"Large, hair-covered physical body; nests in hollowed redwood trunks; travels river gravel bars at night.","Deep guttural calls; throwing heavy rocks when humans encroach on nesting sites; ability to cause illness if direct eye contact is made.","Across the ancient temperate rainforests of Northern California and Southern Oregon, the Yurok (Oh-Mah or Omah), Hoopa, Klamath, and Modoc peoples share deeply consistent accounts of large, hair-covered physical beings living in the old-growth timber basins. Yurok oral records treat Oh-Mah as real physical co-inhabitant guardians of high mountain ridge passes. Yurok elders caution against making direct eye contact or attempting to harm Oh-Mah, as doing so brings severe illness or misfortune. Traditional accounts record Oh-Mah making deep guttural calls and throwing heavy rocks when humans encroach too close to their nesting sites. Tribal carvers incorporated their likenesses into ceremonial wooden boards and regalia. | POINT/COUNTERPOINT DISCLAIMER: Commercial Sasquatch researchers cite Yurok terms as proof of a biological relic hominid. While physical details match closely, Yurok tradition emphasizes sacred respect, taboo, and spiritual boundaries—not trophy hunting, habituation feeding, or commercial exploitation.",http://www.bigfootencounters.com/creatures/yurok_terms.htm,1.5,Verified - Authentic Indigenous Lore,100
Yokuts,Mayak'dat (Hairy Man),36.7783,-119.4179,California Sierra Nevada,Large hair-covered entity in rock art,"Large stature; entirely covered in thick vertical body hair; wide staring eyes depicted in ochre rock art.","Associated with mountain boundaries and enforcing tribal wilderness taboos.","The Yokuts people of the California Sierra Nevada foothill country hold one of the most remarkable physical documentation records in North America: the ancient rock art at Painted Rock on the Tule River Indian Reservation. In Yokuts tradition, Mayak'dat is described as a giant, hair-covered figure who walked the mountains long before modern settlements. Yokuts stories describe Mayak'dat as a creature who roamed the forest, ate pine nuts and game, and occasionally interacted with humans. The pictographs at Painted Rock depict a full family group rendered in red and white ochre—including a large male, a female, and a child with lines representing body hair. | POINT/COUNTERPOINT DISCLAIMER: Frequently touted on television as '5,000-year-old proof of Bigfoot.' Yokuts elders emphasize that the pictographs are sacred cultural boundary markers meant to remind community members to respect wild spaces and observe tribal taboos, not evidence photos for modern cryptid hunting.",https://www.isu.edu/media/libraries/rhi/research-papers/Mayak-Datat-Hairy-Man-Pictographs-1.pdf,1.5,Verified - Authentic Indigenous Lore,100
Choctaw,Shampe (Nalusa Falaya),33.5,-88.3,Southeastern Woodlands / Mississippi,Malevolent forest ogre,"Giant hairless being or large hairy ape-like man; overwhelmingly strong, putrid odor.","Overpowering smell that stuns victims; emits a piercing whistle while stalking hunters; lives in hidden caves.","In Choctaw oral tradition, the Shampe (and the closely related Nalusa Falaya, meaning 'Long Black Being') stands as a dangerous, ogre-like giant of the dense river swamps. Descriptions vary between a giant hairless creature and a massive ape-like beast covered in coarse dark hair. Its most infamous trait is an overpowering, putrid stench—so unbearable that stories warn it can disable a hunter on sight. The Shampe lives in hidden limestone caves and dense cane-brakes. Attracted to the smell of fresh blood, it stalks lone hunters along trail edges, emitting a piercing whistle before striking. | POINT/COUNTERPOINT DISCLAIMER: Lumped together in cryptid media with the 'Skunk Ape' or 'Southern Bigfoot.' Choctaw tradition explicitly distinguishes the Shampe as a malevolent monster/ogre (itvklvibuk) used in moral warnings against hunting alone or breaking tribal safety rules, rather than a neutral wild animal.",http://www.native-languages.org/morelegends/shampe.htm,1.5,Verified - Authentic Indigenous Lore,120
Makah,Siatco (Seatco),48.3,-124.6,Olympic Peninsula / Washington,Night-roaming coastal forest dweller,"Tall, dark, nocturnal wildmen who travel unseen under cover of thick coastal fog.","Master shapeshifters and ventriloquists; ability to mimic bird calls and creaking trees; moves at high speed without noise.","Along the rugged, mist-shrouded Pacific coast of the Olympic Peninsula, coastal accounts describe the Siatco (a term shared across coastal Salishan and neighboring languages, also recorded as Seatco). The Siatco are described as tall, dark, nocturnal wildmen who inhabit the dense rain-forests and travel unseen under cover of thick coastal fog. Accounts describe them as master shapeshifters and ventriloquists, able to mimic the cries of night birds or the creaking of trees to lure travelers off established paths. They are reputed to move with incredible speed through thick cedar swamps without making a sound. | POINT/COUNTERPOINT DISCLAIMER & LINGUISTIC CAVEAT: Pop-culture lists attribute Siatco specifically to the Makah as a standard Bigfoot variant. Linguistic records confirm Siatco/Seatco is a broad Salishan term used by the Chehalis, Klallam, Puget Sound Salish, and Yakama. Attributing it strictly as a 'Makah-only' legend is a modern misclassification that flattens distinct coastal tribal languages.",http://www.native-languages.org/morelegends/seatco.htm,1.5,Verified - Regional Linguistic Sourcing,80
Lakota Sioux,Chiye-Tanka,46.0,-100.0,Northern Great Plains,Giant forest relative ('Big Elder Brother'),"Tall, hair-covered giant inhabiting timbered river bottomlands and river corridors.","Possesses deep spiritual insight; guardian of natural balance and wild animals.","Among the Lakota Sioux, the hairy wild giant of the wooded river valleys is known as Chiye-Tanka, which translates directly to 'Big Elder Brother.' Rather than viewing Chiye-Tanka purely as a monster, Lakota oral traditions assign the entity a position of elder kinship within the natural order. Elders speak of Chiye-Tanka as a tall, hair-covered being who inhabits the timbered river bottoms along the Missouri, Cheyenne, and Yellowstone river basins. He is understood to act as a guardian of wild animals and natural balance, living peacefully alongside humans in ancient times before retreating into secluded river corridors. | POINT/COUNTERPOINT DISCLAIMER: Equated directly in cryptid literature to the pop-culture concept of Bigfoot. Lakota cosmology places Chiye-Tanka within a sacred family relationship ('Big Elder Brother'). Translating this figure into a 'frightening monster' ignores the foundational Lakota principle of Mitákuye Oyás'iŋ (all are related).",https://www.native-languages.org/morelegends/chiye-tanka.htm,1.5,Verified - Authentic Indigenous Lore,200
Cherokee,Tsul 'Kalu (Judaculla),35.30093,-83.10978,Appalachian Mountains / North Carolina,Giant Master of Game and Lord of the Forest,"Giant with long, tangled hair; glowing/reddish eyes; enormous strength; leaves footprint impressions on rocks.","Reads thoughts and controls mind at will; able to leap across mountains in a single motion; dwells at Tsunegun'yi.","Tsul 'Kalu (meaning 'He Has Slanting Eyes'), Anglicized by settlers as Judaculla, is a major figure in Cherokee cosmology. A giant with long, tangled hair, glowing eyes, and extraordinary strength, he resides at Tsunegun'yi near Richland Balsam in North Carolina. Tsul 'Kalu is the great spiritual guardian of wildlife and Master of the Hunt. Traditional Cherokee hunters recited sacred formulas to him before entering the mountains, seeking permission to take game. He enforced strict conservation laws—punishing hunters who took more animals than required. His physical presence is immortalized at Judaculla Rock, a soapstone petroglyph site near Cullowhee, NC. | POINT/COUNTERPOINT DISCLAIMER: Settlers nicknamed him the 'Cherokee Devil,' and modern Bigfoot shows frame him as a roaring mountain ape. Tsul 'Kalu is actually a divine judge and master of game who protects animal populations from over-hunting. He represents ecological ethics, not a demonic threat or ape-like cryptid.",https://en.wikipedia.org/wiki/Tsul_'Kalu,1.5,Verified - Authentic Indigenous Lore,80
Chickasaw,Lofa,33.8,-88.7,Chickasaw Territory (MS / AL / TN),Malevolent ogre ('The Skinner'),"Tall, hairy, powerful humanoid inhabiting bottomland hardwood swamps; putrid odor.","Stalks human settlements; abducts lone hunters; territorial aggression and stealth.","In Chickasaw oral traditions, Lofa (a name literally translating to 'Flayer' or 'Skinner') represents a feared, ogre-like giant of the deep southeastern woods. Lofa serves as the direct Chickasaw counterpart to the Choctaw Shampe. Lofa is described as a tall, hairy, powerful humanoid who inhabits secluded bottomland hardwood swamps. Unlike benevolent figures, Lofa is depicted as a solitary predator who stalks human settlements, abducting lone hunters or stray children to skin them. Chickasaw oral histories emphasize the creature's putrid odor and territorial aggression. | POINT/COUNTERPOINT DISCLAIMER: Cited on cryptid blogs as another regional name for Bigfoot. Lofa is actually a villainous ogre from traditional cautionary tales designed to keep children close to camp and teach hunters vigilance in hazardous terrain.",http://www.native-languages.org/morelegends/lofa.htm,1.5,Verified - Authentic Indigenous Lore,150
Haudenosaunee / Iroquois Confederacy,Stonish Giants (Ot-ne-yar-heh),42.9,-76.5,Northeast Woodlands / New York & Great Lakes,Ancient hostile stone-armored giant tribe,"Gigantic men covered in pine pitch and river gravel forming stone-like armor; immense strength.","Wounds described as self-healing; throwing boulders and breaking heavy branches as war warnings.","In the oral histories of the Haudenosaunee (Iroquois Confederacy), specifically the Tuscarora (Ot-ne-yar-heh) and Seneca (Ge-no-sqwa), the Stonish Giants are documented as an ancient, warlike enemy tribe rather than a solitary forest spirit. First committed to print by Tuscarora historian David Cusick in 1828 and Chief Elias Johnson in 1881, Haudenosaunee histories describe these giants as a ferocious, cannibalistic northern people. To protect themselves, they coated their bodies in pine pitch and rolled in river gravel, creating a hard armor that caused arrows to bounce off. Haudenosaunee oral records detail an epic historical war in which the Confederacy united to defeat the Stonish Giants. | POINT/COUNTERPOINT DISCLAIMER: Bigfoot enthusiasts claim their 'stone armor' describes mud-matted fur on a giant cryptid. Native historians like David Cusick documented this as an epic war narrative against a defeated historical adversary tribe, not an ongoing wild animal tradition.",https://www.native-languages.org/stonecoat.htm,1.5,Verified - Authentic Indigenous Lore,150
Navajo / Diné,Ye'iitsoh ("Big Monster"),35.3564,-107.5872,Southwest / Mount Taylor area, New Mexico,Primordial myth-age giant monster,"Immense size; stride covers distance a man walks from sunrise to noon; tied to Mount Taylor basalt.","One of the Anaye (Alien Monsters) of the mythic age; slain by the Hero Twins using lightning arrows.","In Diné (Navajo) creation narrative (Diné Bahane'), Ye'iitsoh (meaning 'Big Monster') is the largest and most fearsome of the Anaye—a race of primordial monsters that terrorized early humanity during the mythic age. Ye'iitsoh was described as an immense giant whose stride covered the distance a man could walk from sunrise to noon. He roamed the Southwest preying upon early humans until he was slain by the Hero Twins (Monster Slayer and Born for Water) using lightning and sunbeam arrows near Mount Taylor. The dark volcanic basalt flows around Mount Taylor are traditionally revered as the dried, petrified blood of Ye'iitsoh. | POINT/COUNTERPOINT DISCLAIMER & STRUCTURAL CAVEAT: Frequently mislabeled by pop-culture websites as 'The Navajo Sasquatch.' Diné traditionalists emphasize that Ye'iitsoh is a defeated primordial mythic monster slain in creation time whose remains form local geology, not an ongoing physical forest wildman.",https://en.wikipedia.org/wiki/Yei_Tso,1.2,Verified - Structural/Contextual Distinction,60
Ojibwe / Anishinaabe,Sabe (Giant of Honesty),46.5,-87.5,Great Lakes / Boreal Matrix,Sacred moral teacher figure (Seven Grandfathers),"Giant, hair-covered forest dweller who walked alongside human ancestors in early times.","Embodiment of Gwekwaadiziwin (Honesty) within the Seven Grandfather Teachings.","In Anishinaabe (Ojibwe) spiritual tradition, Sabe holds a sacred position as the embodiment of Gwekwaadiziwin (Honesty)—one of the Seven Grandfather Teachings that form the moral foundation of Anishinaabe life. Traditional teachings describe Sabe as a giant, hair-covered forest dweller who walked alongside human ancestors in early times. Because of his great size and purity of spirit, Sabe lived in complete honesty with himself and the Creator. Anishinaabe elders teach that as human settlements grew, Sabe withdrew deep into the boreal spruce forests and bogs to preserve his seclusive ways, remaining a living moral exemplar for humanity. | POINT/COUNTERPOINT DISCLAIMER: Recast in media as 'The Ojibwe Bigfoot.' Sabe is actually a sacred moral symbol of truth and integrity within a documented living religious framework, not a cryptozoological monster.",https://en.wikipedia.org/wiki/Teachings_of_the_Seven_Grandfathers,1.3,Verified - Authentic Indigenous Lore,200
Zuni,Átahsaia (Cannibal Demon),35.0669,-108.8526,Southwestern US / Zuni Pueblo, New Mexico,Myth-time giant cannibal demon,"Torso as big as an elk; stiff grey hair like porcupine quills; horned knuckles; black-and-white scaled arms; red eyes.","Demon/spiritual being; inveterate liar; uses trickery and false kinship claims to lure victims.","Documented in primary ethnographic fieldwork by Frank Hamilton Cushing (who lived among the Zuni from 1879 to 1884), Átahsaia is a monstrous giant demon of Zuni traditional folklore. Átahsaia is described as several times larger than a human, with a torso as large as an elk's, long grey hair as stiff as porcupine quills, knuckles covered in horn-like hide, muscular arms patterned with black-and-white scales, and bulging, unblinking red eyes. In Zuni tales, Átahsaia is a deceitful antagonist who uses false claims of grandfatherly kinship to lure young people into his lair before being defeated and skinned by the Twin War Gods (Áhayūta). | POINT/COUNTERPOINT DISCLAIMER & STRUCTURAL CAVEAT: Co-opted into monster databases as a 'Pueblo Bigfoot.' Like Ye'iitsoh, Átahsaia is a grotesque mythic demon defeated in ancient ceremonial stories—not a biological forest primate.",https://en.wikipedia.org/wiki/%C3%81tahsaia,1.3,Verified - Structural/Contextual Distinction,50
Chinook,Skookum,46.1879,-123.8313,Lower Columbia River / Pacific Northwest,Powerful supernatural entity (trade word),"Not fixed physically; broad term for strong, powerful, or supernatural forest forces.","Chinook Jargon word meaning 'strong/supernatural'; tied to dangerous mountain strongholds and landmarks.","In the Pacific Northwest, Skookum originates as a central term in Chinook Jargon—the historic trade language used across diverse Indigenous nations and early fur traders along the Columbia River basin. While the word Skookum broadly translates to 'strong,' 'powerful,' or 'monumental,' in regional Indigenous oral traditions it specifically designated powerful, dangerous supernatural entities inhabiting the mountain wilderness. To say a forest valley was 'Skookum' meant it was governed by potent, non-human forces. The term became deeply rooted in the regional lexicon, giving rise to natural landmarks like Skookum Meadows and Skookum Creek. | POINT/COUNTERPOINT DISCLAIMER: Popularized by cryptozoologists as a definitive synonym for Bigfoot (e.g., the 'Skookum Cast'). Skookum is an adjective/noun in an inter-tribal trade jargon meaning 'strong/monstrous spirit' applied broadly to many powerful phenomena, not exclusively to a single hairy wildman species.",https://en.wikipedia.org/wiki/Chinook_Jargon,1.0,Verified - Historical Language Sourcing,150
